Location,Date,Temp_C,Cloud_MinRatio,Precipitation_MM,Snow_CM,Sakura,Maple,Ginko,Hydrangea ,Plum,FujiSnow_CM,,,
Tokyo,01/01,6,3.7,1.2,0,-,-,-,-,-,125,,,
Tokyo,01/02,5.9,3.7,1.2,0,-,-,-,-,-,125,,,
Tokyo,01/03,5.8,3.7,1.2,0,-,-,-,-,-,125,,,
Tokyo,01/04,5.8,3.8,1.2,0,-,-,-,-,-,125,,,
Tokyo,01/05,5.7,3.8,1.3,0,-,-,-,-,-,125,,,
Tokyo,01/06,5.7,3.9,1.3,0,-,-,-,-,-,125,,,
Tokyo,01/07,5.6,3.9,1.4,0,-,-,-,-,-,125,,,
Tokyo,01/08,5.6,4,1.5,0,-,-,-,-,-,125,,,
Tokyo,01/09,5.5,4.1,1.6,0,-,-,-,-,-,125,,,
Tokyo,01/10,5.5,4.1,1.8,0,-,-,-,-,-,125,,,
Tokyo,01/11,5.5,4.2,1.9,0,-,-,-,-,-,125,,,
Tokyo,01/12,5.4,4.3,2,0,-,-,-,-,-,125,,,
Tokyo,01/13,5.4,4.4,2.1,0,-,-,-,-,-,125,,,
Tokyo,01/14,5.3,4.5,2.1,0,-,-,-,-,-,125,,,
Tokyo,01/15,5.3,4.6,2.2,0,-,-,-,-,-,125,,,
Tokyo,01/16,5.2,4.7,2.2,0,-,-,-,-,-,125,,,
Tokyo,01/17,5.2,4.7,2.3,0,-,-,-,-,-,125,,,
Tokyo,01/18,5.2,4.8,2.3,0,-,-,-,-,-,125,,,
Tokyo,01/19,5.2,4.8,2.3,0,-,-,-,-,-,125,,,
Tokyo,01/20,5.2,4.8,2.3,0,-,-,-,-,-,125,,,
Tokyo,01/21,5.1,4.8,2.3,0,-,-,-,-,-,125,,,
Tokyo,01/22,5.1,4.8,2.3,0,-,-,-,-,Flowering,125,,,
Tokyo,01/23,5.2,4.7,2.3,0,-,-,-,-,-,125,,,
Tokyo,01/24,5.2,4.7,2.3,0,-,-,-,-,-,125,,,
Tokyo,01/25,5.2,4.6,2.3,0,-,-,-,-,-,125,,,
Tokyo,01/26,5.2,4.6,2.3,0,-,-,-,-,-,125,,,
Tokyo,01/27,5.2,4.5,2.3,0,-,-,-,-,-,125,,,
Tokyo,01/28,5.3,4.5,2.2,0,-,-,-,-,-,125,,,
Tokyo,01/29,5.3,4.5,2.2,0,-,-,-,-,-,125,,,
Tokyo,01/30,5.3,4.5,2.1,0,-,-,-,-,-,125,,,
Tokyo,01/31,5.4,4.5,2,0,-,-,-,-,-,125,,,
Tokyo,02/01,5.4,4.6,2,0,-,-,-,-,-,128,,,
Tokyo,02/02,5.4,4.6,1.9,0,-,-,-,-,-,128,,,
Tokyo,02/03,5.5,4.7,1.8,0,-,-,-,-,-,128,,,
Tokyo,02/04,5.5,4.8,1.7,0,-,-,-,-,-,128,,,
Tokyo,02/05,5.5,4.9,1.6,0,-,-,-,-,-,128,,,
Tokyo,02/06,5.6,4.9,1.6,0,-,-,-,-,-,128,,,
Tokyo,02/07,5.6,5,1.6,0,-,-,-,-,-,128,,,
Tokyo,02/08,5.6,5.1,1.6,0,-,-,-,-,-,128,,,
Tokyo,02/09,5.7,5.1,1.6,0,-,-,-,-,-,128,,,
Tokyo,02/10,5.7,5.2,1.7,0,-,-,-,-,-,128,,,
Tokyo,02/11,5.8,5.3,1.8,0,-,-,-,-,-,128,,,
Tokyo,02/12,5.9,5.3,1.9,0,-,-,-,-,-,128,,,
Tokyo,02/13,5.9,5.4,2,0,-,-,-,-,-,128,,,
Tokyo,02/14,6,5.4,2.1,0,-,-,-,-,-,128,,,
Tokyo,02/15,6.1,5.4,2.2,0,-,-,-,-,-,128,,,
Tokyo,02/16,6.1,5.5,2.2,0,-,-,-,-,-,128,,,
Tokyo,02/17,6.2,5.5,2.3,0,-,-,-,-,-,128,,,
Tokyo,02/18,6.3,5.5,2.4,0,-,-,-,-,-,128,,,
Tokyo,02/19,6.4,5.6,2.4,0,-,-,-,-,-,128,,,
Tokyo,02/20,6.4,5.6,2.4,0,-,-,-,-,-,128,,,
Tokyo,02/21,6.5,5.6,2.5,0,-,-,-,-,-,128,,,
Tokyo,02/22,6.6,5.7,2.6,0,-,-,-,-,-,128,,,
Tokyo,02/23,6.7,5.7,2.7,0,-,-,-,-,-,128,,,
Tokyo,02/24,6.9,5.8,2.8,0,-,-,-,-,-,128,,,
Tokyo,02/25,7,5.9,3,0,-,-,-,-,-,128,,,
Tokyo,02/26,7.1,5.9,3.1,0,-,-,-,-,-,128,,,
Tokyo,02/27,7.2,6,3.3,0,-,-,-,-,-,128,,,
Tokyo,02/28,7.3,6.1,3.4,0,-,-,-,-,-,128,,,
Tokyo,03/01,7.4,6.1,3.6,0,-,-,-,-,-,187,,,
Tokyo,03/02,7.5,6.1,3.7,0,-,-,-,-,-,187,,,
Tokyo,03/03,7.7,6.1,3.8,0,-,-,-,-,-,187,,,
Tokyo,03/04,7.8,6.1,3.8,0,-,-,-,-,-,187,,,
Tokyo,03/05,7.9,6.1,3.9,0,-,-,-,-,-,187,,,
Tokyo,03/06,8,6,3.8,0,-,-,-,-,-,187,,,
Tokyo,03/07,8.1,6,3.8,0,-,-,-,-,-,187,,,
Tokyo,03/08,8.2,6,3.7,0,-,-,-,-,-,187,,,
Tokyo,03/09,8.4,5.9,3.6,0,-,-,-,-,-,187,,,
Tokyo,03/10,8.5,5.9,3.5,0,-,-,-,-,-,187,,,
Tokyo,03/11,8.7,5.9,3.4,0,-,-,-,-,-,187,,,
Tokyo,03/12,8.8,5.9,3.3,0,-,-,-,-,-,187,,,
Tokyo,03/13,9,5.9,3.3,0,-,-,-,-,-,187,,,
Tokyo,03/14,9.1,5.9,3.2,0,-,-,-,-,-,187,,,
Tokyo,03/15,9.3,5.9,3.1,0,-,-,-,-,-,187,,,
Tokyo,03/16,9.5,6,3.1,0,-,-,-,-,-,187,,,
Tokyo,03/17,9.6,6,3.1,0,-,-,-,-,-,187,,,
Tokyo,03/18,9.7,6.1,3.2,0,-,-,-,-,-,187,,,
Tokyo,03/19,9.9,6.2,3.2,0,-,-,-,-,-,187,,,
Tokyo,03/20,10,6.3,3.3,0,-,-,-,-,-,187,,,
Tokyo,03/21,10.1,6.3,3.3,0,-,-,-,-,-,187,,,
Tokyo,03/22,10.2,6.4,3.4,0,-,-,-,-,-,187,,,
Tokyo,03/23,10.3,6.4,3.5,0,-,-,-,-,-,187,,,
Tokyo,03/24,10.4,6.5,3.6,0,Flowering,-,-,-,-,187,,,
Tokyo,03/25,10.5,6.5,3.7,0,-,-,-,-,-,187,,,
Tokyo,03/26,10.6,6.5,3.9,0,-,-,-,-,-,187,,,
Tokyo,03/27,10.8,6.5,4,0,-,-,-,-,-,187,,,
Tokyo,03/28,11,6.5,4.1,0,-,-,-,-,-,187,,,
Tokyo,03/29,11.1,6.5,4.3,0,-,-,-,-,-,187,,,
Tokyo,03/30,11.3,6.4,4.4,0,-,-,-,-,-,187,,,
Tokyo,03/31,11.5,6.4,4.6,0,Full Bloom,-,-,-,-,187,,,
Tokyo,04/01,11.7,6.4,4.7,0,-,-,-,-,-,206,,,
Tokyo,04/02,11.9,6.4,4.8,0,-,-,-,-,-,206,,,
Tokyo,04/03,12.1,6.4,4.9,0,-,-,-,-,-,206,,,
Tokyo,04/04,12.3,6.4,4.9,0,-,-,-,-,-,206,,,
Tokyo,04/05,12.5,6.4,5,0,-,-,-,-,-,206,,,
Tokyo,04/06,12.7,6.5,5,0,-,-,-,-,-,206,,,
Tokyo,04/07,12.9,6.5,5,0,-,-,-,-,-,206,,,
Tokyo,04/08,13.1,6.5,5,0,-,-,-,-,-,206,,,
Tokyo,04/09,13.2,6.6,4.9,0,-,-,-,-,-,206,,,
Tokyo,04/10,13.4,6.6,4.9,0,-,-,-,-,-,206,,,
Tokyo,04/11,13.6,6.7,4.8,0,-,-,-,-,-,206,,,
Tokyo,04/12,13.8,6.7,4.7,0,-,-,-,-,-,206,,,
Tokyo,04/13,13.9,6.8,4.7,0,-,-,-,-,-,206,,,
Tokyo,04/14,14.1,6.9,4.6,0,-,-,-,-,-,206,,,
Tokyo,04/15,14.3,6.9,4.6,0,-,-,-,-,-,206,,,
Tokyo,04/16,14.5,6.9,4.5,0,-,-,-,-,-,206,,,
Tokyo,04/17,14.6,7,4.4,0,-,-,-,-,-,206,,,
Tokyo,04/18,14.8,7,4.3,0,-,-,-,-,-,206,,,
Tokyo,04/19,14.9,7,4.3,0,-,-,-,-,-,206,,,
Tokyo,04/20,15.1,7,4.2,0,-,-,-,-,-,206,,,
Tokyo,04/21,15.3,7,4.1,0,-,-,-,-,-,206,,,
Tokyo,04/22,15.4,7,4,0,-,-,-,-,-,206,,,
Tokyo,04/23,15.6,6.9,4,0,-,-,-,-,-,206,,,
Tokyo,04/24,15.8,6.9,3.9,0,-,-,-,-,-,206,,,
Tokyo,04/25,15.9,6.8,3.8,0,-,-,-,-,-,206,,,
Tokyo,04/26,16.1,6.8,3.8,0,-,-,-,-,-,206,,,
Tokyo,04/27,16.3,6.7,3.7,0,-,-,-,-,-,206,,,
Tokyo,04/28,16.5,6.7,3.7,0,-,-,-,-,-,206,,,
Tokyo,04/29,16.7,6.7,3.6,0,-,-,-,-,-,206,,,
Tokyo,04/30,16.8,6.7,3.6,0,-,-,-,-,-,206,,,
Tokyo,05/01,17,6.7,3.6,0,-,-,-,-,-,196,,,
Tokyo,05/02,17.1,6.8,3.6,0,-,-,-,-,-,196,,,
Tokyo,05/03,17.3,6.8,3.6,0,-,-,-,-,-,196,,,
Tokyo,05/04,17.4,6.9,3.6,0,-,-,-,-,-,196,,,
Tokyo,05/05,17.5,7,3.6,0,-,-,-,-,-,196,,,
Tokyo,05/06,17.6,7.1,3.7,0,-,-,-,-,-,196,,,
Tokyo,05/07,17.7,7.2,3.7,0,-,-,-,-,-,196,,,
Tokyo,05/08,17.8,7.3,3.8,0,-,-,-,-,-,196,,,
Tokyo,05/09,17.9,7.3,3.9,0,-,-,-,-,-,196,,,
Tokyo,05/10,18,7.4,4,0,-,-,-,-,-,196,,,
Tokyo,05/11,18.1,7.4,4,0,-,-,-,-,-,196,,,
Tokyo,05/12,18.2,7.5,4.1,0,-,-,-,-,-,196,,,
Tokyo,05/13,18.3,7.5,4.2,0,-,-,-,-,-,196,,,
Tokyo,05/14,18.4,7.5,4.3,0,-,-,-,-,-,196,,,
Tokyo,05/15,18.5,7.4,4.4,0,-,-,-,-,-,196,,,
Tokyo,05/16,18.6,7.4,4.5,0,-,-,-,-,-,196,,,
Tokyo,05/17,18.8,7.4,4.6,0,-,-,-,-,-,196,,,
Tokyo,05/18,18.9,7.4,4.7,0,-,-,-,-,-,196,,,
Tokyo,05/19,19.1,7.3,4.8,0,-,-,-,-,-,196,,,
Tokyo,05/20,19.2,7.3,4.9,0,-,-,-,-,-,196,,,
Tokyo,05/21,19.4,7.3,5,0,-,-,-,-,-,196,,,
Tokyo,05/22,19.5,7.3,5.1,0,-,-,-,-,-,196,,,
Tokyo,05/23,19.6,7.4,5.1,0,-,-,-,-,-,196,,,
Tokyo,05/24,19.7,7.4,5.1,0,-,-,-,-,-,196,,,
Tokyo,05/25,19.9,7.5,5,0,-,-,-,-,-,196,,,
Tokyo,05/26,20,7.5,5,0,-,-,-,-,-,196,,,
Tokyo,05/27,20.1,7.6,4.9,0,-,-,-,-,-,196,,,
Tokyo,05/28,20.2,7.7,4.8,0,-,-,-,-,-,196,,,
Tokyo,05/29,20.3,7.7,4.6,0,-,-,-,-,-,196,,,
Tokyo,05/30,20.3,7.8,4.5,0,-,-,-,-,-,196,,,
Tokyo,05/31,20.4,7.8,4.4,0,-,-,-,-,-,196,,,
Tokyo,06/01,20.5,7.9,4.4,0,-,-,-,-,-,121,,,
Tokyo,06/02,20.6,7.9,4.5,0,-,-,-,-,-,121,,,
Tokyo,06/03,20.7,8,4.5,0,-,-,-,-,-,121,,,
Tokyo,06/04,20.7,8.1,4.6,0,-,-,-,-,-,121,,,
Tokyo,06/05,20.8,8.1,4.8,0,-,-,-,Flowering,-,121,,,
Tokyo,06/06,20.9,8.2,5,0,-,-,-,-,-,121,,,
Tokyo,06/07,20.9,8.2,5.3,0,-,-,-,-,-,121,,,
Tokyo,06/08,21,8.3,5.5,0,-,-,-,-,-,121,,,
Tokyo,06/09,21.1,8.4,5.8,0,-,-,-,-,-,121,,,
Tokyo,06/10,21.2,8.4,6,0,-,-,-,-,-,121,,,
Tokyo,06/11,21.2,8.5,6.2,0,-,-,-,-,-,121,,,
Tokyo,06/12,21.3,8.5,6.4,0,-,-,-,-,-,121,,,
Tokyo,06/13,21.5,8.6,6.5,0,-,-,-,-,-,121,,,
Tokyo,06/14,21.6,8.6,6.6,0,-,-,-,-,-,121,,,
Tokyo,06/15,21.7,8.6,6.6,0,-,-,-,-,-,121,,,
Tokyo,06/16,21.8,8.7,6.6,0,-,-,-,-,-,121,,,
Tokyo,06/17,21.9,8.7,6.6,0,-,-,-,-,-,121,,,
Tokyo,06/18,22.1,8.7,6.5,0,-,-,-,-,-,121,,,
Tokyo,06/19,22.2,8.8,6.4,0,-,-,-,-,-,121,,,
Tokyo,06/20,22.3,8.8,6.3,0,-,-,-,-,-,121,,,
Tokyo,06/21,22.4,8.8,6.2,0,-,-,-,-,-,121,,,
Tokyo,06/22,22.5,8.8,6,0,-,-,-,-,-,121,,,
Tokyo,06/23,22.7,8.8,5.9,0,-,-,-,-,-,121,,,
Tokyo,06/24,22.8,8.8,5.8,0,-,-,-,-,-,121,,,
Tokyo,06/25,23,8.8,5.7,0,-,-,-,-,-,121,,,
Tokyo,06/26,23.2,8.8,5.6,0,-,-,-,-,-,121,,,
Tokyo,06/27,23.3,8.7,5.5,0,-,-,-,-,-,121,,,
Tokyo,06/28,23.5,8.7,5.5,0,-,-,-,-,-,121,,,
Tokyo,06/29,23.7,8.6,5.6,0,-,-,-,-,-,121,,,
Tokyo,06/30,23.8,8.6,5.7,0,-,-,-,-,-,121,,,
Tokyo,07/01,24,8.5,5.8,0,-,-,-,-,-,11,,,
Tokyo,07/02,24.2,8.5,5.9,0,-,-,-,-,-,11,,,
Tokyo,07/03,24.3,8.4,6,0,-,-,-,-,-,11,,,
Tokyo,07/04,24.4,8.4,6.1,0,-,-,-,-,-,11,,,
Tokyo,07/05,24.6,8.3,6.2,0,-,-,-,-,-,11,,,
Tokyo,07/06,24.7,8.3,6.3,0,-,-,-,-,-,11,,,
Tokyo,07/07,24.8,8.2,6.3,0,-,-,-,-,-,11,,,
Tokyo,07/08,24.9,8.2,6.2,0,-,-,-,-,-,11,,,
Tokyo,07/09,25.1,8.2,6.1,0,-,-,-,-,-,11,,,
Tokyo,07/10,25.2,8.2,6.1,0,-,-,-,-,-,11,,,
Tokyo,07/11,25.3,8.1,5.9,0,-,-,-,-,-,11,,,
Tokyo,07/12,25.4,8.1,5.8,0,-,-,-,-,-,11,,,
Tokyo,07/13,25.5,8.1,5.6,0,-,-,-,-,-,11,,,
Tokyo,07/14,25.6,8.1,5.4,0,-,-,-,-,-,11,,,
Tokyo,07/15,25.7,8.1,5.2,0,-,-,-,-,-,11,,,
Tokyo,07/16,25.7,8.1,5.1,0,-,-,-,-,-,11,,,
Tokyo,07/17,25.8,8.1,4.9,0,-,-,-,-,-,11,,,
Tokyo,07/18,25.9,8.1,4.7,0,-,-,-,-,-,11,,,
Tokyo,07/19,26,8.1,4.6,0,-,-,-,-,-,11,,,
Tokyo,07/20,26.1,8,4.4,0,-,-,-,-,-,11,,,
Tokyo,07/21,26.2,8,4.3,0,-,-,-,-,-,11,,,
Tokyo,07/22,26.3,8,4.2,0,-,-,-,-,-,11,,,
Tokyo,07/23,26.4,7.9,4.1,0,-,-,-,-,-,11,,,
Tokyo,07/24,26.5,7.9,4,0,-,-,-,-,-,11,,,
Tokyo,07/25,26.6,7.8,3.9,0,-,-,-,-,-,11,,,
Tokyo,07/26,26.7,7.7,3.8,0,-,-,-,-,-,11,,,
Tokyo,07/27,26.8,7.7,3.7,0,-,-,-,-,-,11,,,
Tokyo,07/28,26.9,7.6,3.6,0,-,-,-,-,-,11,,,
Tokyo,07/29,27,7.5,3.5,0,-,-,-,-,-,11,,,
Tokyo,07/30,27.1,7.5,3.4,0,-,-,-,-,-,11,,,
Tokyo,07/31,27.1,7.4,3.3,0,-,-,-,-,-,11,,,
Tokyo,08/01,27.2,7.3,3.3,0,-,-,-,-,-,0,,,
Tokyo,08/02,27.2,7.3,3.3,0,-,-,-,-,-,0,,,
Tokyo,08/03,27.3,7.2,3.4,0,-,-,-,-,-,0,,,
Tokyo,08/04,27.3,7.2,3.4,0,-,-,-,-,-,0,,,
Tokyo,08/05,27.3,7.2,3.5,0,-,-,-,-,-,0,,,
Tokyo,08/06,27.3,7.2,3.7,0,-,-,-,-,-,0,,,
Tokyo,08/07,27.3,7.2,3.8,0,-,-,-,-,-,0,,,
Tokyo,08/08,27.3,7.3,4,0,-,-,-,-,-,0,,,
Tokyo,08/09,27.3,7.3,4.1,0,-,-,-,-,-,0,,,
Tokyo,08/10,27.3,7.3,4.3,0,-,-,-,-,-,0,,,
Tokyo,08/11,27.2,7.3,4.5,0,-,-,-,-,-,0,,,
Tokyo,08/12,27.2,7.4,4.6,0,-,-,-,-,-,0,,,
Tokyo,08/13,27.1,7.4,4.7,0,-,-,-,-,-,0,,,
Tokyo,08/14,27.1,7.4,4.9,0,-,-,-,-,-,0,,,
Tokyo,08/15,27,7.4,5,0,-,-,-,-,-,0,,,
Tokyo,08/16,26.9,7.4,5.1,0,-,-,-,-,-,0,,,
Tokyo,08/17,26.9,7.4,5.2,0,-,-,-,-,-,0,,,
Tokyo,08/18,26.8,7.5,5.4,0,-,-,-,-,-,0,,,
Tokyo,08/19,26.8,7.5,5.5,0,-,-,-,-,-,0,,,
Tokyo,08/20,26.7,7.5,5.6,0,-,-,-,-,-,0,,,
Tokyo,08/21,26.6,7.5,5.7,0,-,-,-,-,-,0,,,
Tokyo,08/22,26.6,7.5,5.8,0,-,-,-,-,-,0,,,
Tokyo,08/23,26.5,7.5,5.9,0,-,-,-,-,-,0,,,
Tokyo,08/24,26.4,7.5,6,0,-,-,-,-,-,0,,,
Tokyo,08/25,26.3,7.5,6.1,0,-,-,-,-,-,0,,,
Tokyo,08/26,26.2,7.6,6.1,0,-,-,-,-,-,0,,,
Tokyo,08/27,26.2,7.6,6.2,0,-,-,-,-,-,0,,,
Tokyo,08/28,26.1,7.6,6.2,0,-,-,-,-,-,0,,,
Tokyo,08/29,26,7.6,6.2,0,-,-,-,-,-,0,,,
Tokyo,08/30,25.9,7.6,6.3,0,-,-,-,-,-,0,,,
Tokyo,08/31,25.8,7.6,6.4,0,-,-,-,-,-,0,,,
Tokyo,09/01,25.7,7.7,6.5,0,-,-,-,-,-,4,,,
Tokyo,09/02,25.6,7.7,6.6,0,-,-,-,-,-,4,,,
Tokyo,09/03,25.5,7.7,6.8,0,-,-,-,-,-,4,,,
Tokyo,09/04,25.4,7.7,7,0,-,-,-,-,-,4,,,
Tokyo,09/05,25.3,7.7,7.2,0,-,-,-,-,-,4,,,
Tokyo,09/06,25.2,7.7,7.4,0,-,-,-,-,-,4,,,
Tokyo,09/07,25,7.7,7.6,0,-,-,-,-,-,4,,,
Tokyo,09/08,24.9,7.8,7.7,0,-,-,-,-,-,4,,,
Tokyo,09/09,24.7,7.8,7.8,0,-,-,-,-,-,4,,,
Tokyo,09/10,24.6,7.8,7.9,0,-,-,-,-,-,4,,,
Tokyo,09/11,24.4,7.8,8,0,-,-,-,-,-,4,,,
Tokyo,09/12,24.2,7.8,8,0,-,-,-,-,-,4,,,
Tokyo,09/13,24,7.8,8.1,0,-,-,-,-,-,4,,,
Tokyo,09/14,23.8,7.8,8.1,0,-,-,-,-,-,4,,,
Tokyo,09/15,23.6,7.8,8.2,0,-,-,-,-,-,4,,,
Tokyo,09/16,23.3,7.9,8.3,0,-,-,-,-,-,4,,,
Tokyo,09/17,23.1,7.9,8.4,0,-,-,-,-,-,4,,,
Tokyo,09/18,22.9,7.9,8.4,0,-,-,-,-,-,4,,,
Tokyo,09/19,22.6,7.9,8.4,0,-,-,-,-,-,4,,,
Tokyo,09/20,22.4,7.9,8.4,0,-,-,-,-,-,4,,,
Tokyo,09/21,22.2,7.9,8.3,0,-,-,-,-,-,4,,,
Tokyo,09/22,21.9,7.9,8.1,0,-,-,-,-,-,4,,,
Tokyo,09/23,21.7,7.9,7.9,0,-,-,-,-,-,4,,,
Tokyo,09/24,21.5,7.9,7.8,0,-,-,-,-,-,4,,,
Tokyo,09/25,21.3,7.9,7.6,0,-,-,-,-,-,4,,,
Tokyo,09/26,21.2,7.9,7.4,0,-,-,-,-,-,4,,,
Tokyo,09/27,21,7.9,7.3,0,-,-,-,-,-,4,,,
Tokyo,09/28,20.9,7.8,7.3,0,-,-,-,-,-,4,,,
Tokyo,09/29,20.8,7.8,7.3,0,-,-,-,-,-,4,,,
Tokyo,09/30,20.6,7.8,7.5,0,-,-,-,-,-,4,,,
Tokyo,10/01,20.5,7.8,7.7,0,-,-,-,-,-,24,,,
Tokyo,10/02,20.3,7.8,8,0,-,-,-,-,-,24,,,
Tokyo,10/03,20.2,7.8,8.3,0,-,-,-,-,-,24,,,
Tokyo,10/04,20.1,7.8,8.7,0,-,-,-,-,-,24,,,
Tokyo,10/05,19.9,7.8,9,0,-,-,-,-,-,24,,,
Tokyo,10/06,19.7,7.7,9.2,0,-,-,-,-,-,24,,,
Tokyo,10/07,19.6,7.7,9.3,0,-,-,-,-,-,24,,,
Tokyo,10/08,19.4,7.7,9.4,0,-,-,-,-,-,24,,,
Tokyo,10/09,19.2,7.6,9.4,0,-,-,-,-,-,24,,,
Tokyo,10/10,19.1,7.5,9.2,0,-,-,-,-,-,24,,,
Tokyo,10/11,18.9,7.5,9,0,-,-,-,-,-,24,,,
Tokyo,10/12,18.7,7.4,8.7,0,-,-,-,-,-,24,,,
Tokyo,10/13,18.5,7.4,8.4,0,-,-,-,-,-,24,,,
Tokyo,10/14,18.3,7.3,8.1,0,-,-,-,-,-,24,,,
Tokyo,10/15,18.1,7.2,7.9,0,-,-,-,-,-,24,,,
Tokyo,10/16,17.9,7.2,7.7,0,-,-,-,-,-,24,,,
Tokyo,10/17,17.7,7.1,7.5,0,-,-,-,-,-,24,,,
Tokyo,10/18,17.5,7.1,7.3,0,-,-,-,-,-,24,,,
Tokyo,10/19,17.3,7,7.2,0,-,-,-,-,-,24,,,
Tokyo,10/20,17.2,7,7,0,-,-,-,-,-,24,,,
Tokyo,10/21,17,6.9,6.9,0,-,-,-,-,-,24,,,
Tokyo,10/22,16.8,6.8,6.7,0,-,-,-,-,-,24,,,
Tokyo,10/23,16.6,6.7,6.6,0,-,-,-,-,-,24,,,
Tokyo,10/24,16.5,6.6,6.3,0,-,-,-,-,-,24,,,
Tokyo,10/25,16.3,6.6,6.1,0,-,-,-,-,-,24,,,
Tokyo,10/26,16.1,6.5,5.7,0,-,-,-,-,-,24,,,
Tokyo,10/27,16,6.4,5.4,0,-,-,-,-,-,24,,,
Tokyo,10/28,15.8,6.3,5,0,-,-,-,-,-,24,,,
Tokyo,10/29,15.7,6.2,4.7,0,-,-,-,-,-,24,,,
Tokyo,10/30,15.5,6.2,4.3,0,-,-,-,-,-,24,,,
Tokyo,10/31,15.3,6.1,4,0,-,-,-,-,-,24,,,
Tokyo,11/01,15.2,6.1,3.7,0,-,-,-,-,-,52,,,
Tokyo,11/02,15,6,3.4,0,-,-,-,-,-,52,,,
Tokyo,11/03,14.8,6,3.2,0,-,-,-,-,-,52,,,
Tokyo,11/04,14.7,6,3.1,0,-,-,-,-,-,52,,,
Tokyo,11/05,14.5,6,3,0,-,-,-,-,-,52,,,
Tokyo,11/06,14.3,6,2.9,0,-,-,-,-,-,52,,,
Tokyo,11/07,14.1,6,2.9,0,-,-,-,-,-,52,,,
Tokyo,11/08,13.9,6,2.9,0,-,-,-,-,-,52,,,
Tokyo,11/09,13.8,6,3,0,-,-,-,-,-,52,,,
Tokyo,11/10,13.6,6,3.1,0,-,-,-,-,-,52,,,
Tokyo,11/11,13.4,6,3.1,0,-,-,-,-,-,52,,,
Tokyo,11/12,13.2,6,3.2,0,-,-,-,-,-,52,,,
Tokyo,11/13,13,6,3.2,0,-,-,-,-,-,52,,,
Tokyo,11/14,12.8,6,3.3,0,-,-,-,-,-,52,,,
Tokyo,11/15,12.6,6,3.4,0,-,-,-,-,-,52,,,
Tokyo,11/16,12.4,6,3.4,0,-,-,-,-,-,52,,,
Tokyo,11/17,12.2,6,3.5,0,-,-,-,-,-,52,,,
Tokyo,11/18,12,6,3.5,0,-,-,-,-,-,52,,,
Tokyo,11/19,11.8,5.9,3.6,0,-,-,-,-,-,52,,,
Tokyo,11/20,11.6,5.9,3.6,0,-,-,-,-,-,52,,,
Tokyo,11/21,11.4,5.9,3.6,0,-,-,-,-,-,52,,,
Tokyo,11/22,11.2,5.9,3.6,0,-,-,-,-,-,52,,,
Tokyo,11/23,11.1,5.9,3.5,0,-,-,Yellow leaves,-,-,52,,,
Tokyo,11/24,10.9,5.8,3.5,0,-,-,-,-,-,52,,,
Tokyo,11/25,10.8,5.8,3.4,0,-,-,-,-,-,52,,,
Tokyo,11/26,10.6,5.8,3.3,0,-,-,-,-,-,52,,,
Tokyo,11/27,10.5,5.7,3.2,0,-,-,-,-,-,52,,,
Tokyo,11/28,10.4,5.7,3.1,0,-,Autumn leaves,-,-,-,52,,,
Tokyo,11/29,10.2,5.7,3,0,-,-,-,-,-,52,,,
Tokyo,11/30,10.1,5.6,2.9,0,-,-,-,-,-,52,,,
Tokyo,12/01,9.9,5.6,2.8,0,-,-,-,-,-,97,,,
Tokyo,12/02,9.8,5.5,2.7,0,-,-,-,-,-,97,,,
Tokyo,12/03,9.6,5.5,2.6,0,-,-,Fallen leaves,-,-,97,,,
Tokyo,12/04,9.4,5.4,2.5,0,-,-,-,-,-,97,,,
Tokyo,12/05,9.3,5.4,2.4,0,-,-,-,-,-,97,,,
Tokyo,12/06,9.1,5.3,2.3,0,-,-,-,-,-,97,,,
Tokyo,12/07,8.9,5.2,2.2,0,-,-,-,-,-,97,,,
Tokyo,12/08,8.8,5.2,2.1,0,-,-,-,-,-,97,,,
Tokyo,12/09,8.6,5.1,2,0,-,-,-,-,-,97,,,
Tokyo,12/10,8.4,5.1,2,0,-,-,-,-,-,97,,,
Tokyo,12/11,8.3,5,1.9,0,-,-,-,-,-,97,,,
Tokyo,12/12,8.1,4.9,1.8,0,-,-,-,-,-,97,,,
Tokyo,12/13,8,4.8,1.7,0,-,Fallen leaves,-,-,-,97,,,
Tokyo,12/14,7.9,4.8,1.6,0,-,-,-,-,-,97,,,
Tokyo,12/15,7.7,4.7,1.6,0,-,-,-,-,-,97,,,
Tokyo,12/16,7.6,4.7,1.5,0,-,-,-,-,-,97,,,
Tokyo,12/17,7.5,4.6,1.5,0,-,-,-,-,-,97,,,
Tokyo,12/18,7.4,4.5,1.5,0,-,-,-,-,-,97,,,
Tokyo,12/19,7.3,4.5,1.5,0,-,-,-,-,-,97,,,
Tokyo,12/20,7.2,4.4,1.5,0,-,-,-,-,-,97,,,
Tokyo,12/21,7.1,4.4,1.6,0,-,-,-,-,-,97,,,
Tokyo,12/22,7,4.3,1.6,0,-,-,-,-,-,97,,,
Tokyo,12/23,6.8,4.3,1.6,0,-,-,-,-,-,97,,,
Tokyo,12/24,6.7,4.2,1.6,0,-,-,-,-,-,97,,,
Tokyo,12/25,6.6,4.1,1.6,0,-,-,-,-,-,97,,,
Tokyo,12/26,6.5,4,1.6,0,-,-,-,-,-,97,,,
Tokyo,12/27,6.4,4,1.5,0,-,-,-,-,-,97,,,
Tokyo,12/28,6.3,3.9,1.5,0,-,-,-,-,-,97,,,
Tokyo,12/29,6.2,3.8,1.4,0,-,-,-,-,-,97,,,
Tokyo,12/30,6.1,3.8,1.4,0,-,-,-,-,-,97,,,
Tokyo,12/31,6,3.7,1.3,0,-,-,-,-,-,97,,,